timestamp,direction,close,result
2025-11-03 00:21:00,put,1.149805,loss
2025-11-03 00:22:00,put,1.149835,win
2025-11-03 00:23:00,put,1.149745,win
2025-11-03 00:24:00,put,1.149645,loss
2025-11-03 00:25:00,put,1.149655,win
2025-11-03 00:26:00,put,1.149645,win
2025-11-03 00:27:00,put,1.149415,win
2025-11-03 00:28:00,put,1.149095,loss
2025-11-03 00:29:00,put,1.149345,loss
2025-11-03 00:30:00,put,1.149385,loss
2025-11-03 00:31:00,put,1.149535,win
2025-11-03 00:32:00,put,1.149255,loss
2025-11-03 00:33:00,put,1.149445,win
2025-11-03 00:34:00,put,1.149295,win
2025-11-03 00:35:00,put,1.149225,win
2025-11-03 00:36:00,put,1.149155,win
2025-11-03 00:37:00,put,1.148985,loss
2025-11-03 00:38:00,put,1.149125,loss
2025-11-03 00:39:00,put,1.149135,win
2025-11-03 00:40:00,put,1.148885,win
2025-11-03 00:41:00,put,1.148695,loss
2025-11-03 00:42:00,put,1.148855,win
2025-11-03 00:43:00,put,1.148835,loss
2025-11-03 00:44:00,put,1.149015,loss
2025-11-03 00:45:00,put,1.149065,win
2025-11-03 00:46:00,put,1.148965,loss
2025-11-03 00:47:00,put,1.149125,draw
2025-11-03 00:48:00,put,1.149125,win
2025-11-03 00:49:00,put,1.149015,loss
2025-11-03 00:50:00,put,1.149095,loss
2025-11-03 00:51:00,put,1.149125,loss
2025-11-03 00:52:00,put,1.149295,win
2025-11-03 00:53:00,put,1.149245,win
2025-11-03 00:54:00,put,1.149065,loss
2025-11-03 00:55:00,call,1.149345,win
2025-11-03 00:56:00,call,1.149605,loss
2025-11-03 00:57:00,call,1.149085,loss
2025-11-03 00:58:00,put,1.148885,win
2025-11-03 00:59:00,put,1.148875,loss
2025-11-03 01:00:00,put,1.148895,loss
2025-11-03 01:01:00,put,1.149005,win
2025-11-03 01:02:00,put,1.148975,loss
2025-11-03 01:03:00,put,1.149055,win
2025-11-03 01:04:00,put,1.148715,win
2025-11-03 01:05:00,put,1.148655,loss
2025-11-03 01:06:00,put,1.148775,loss
2025-11-03 01:07:00,put,1.149045,win
2025-11-03 01:08:00,put,1.148985,win
2025-11-03 01:09:00,put,1.148625,win
2025-11-03 01:10:00,put,1.148505,win
2025-11-03 01:11:00,put,1.148415,loss
2025-11-03 01:12:00,put,1.148495,win
2025-11-03 01:13:00,put,1.148365,win
2025-11-03 01:14:00,put,1.148255,win
2025-11-03 01:15:00,put,1.148125,loss
2025-11-03 01:16:00,put,1.148155,win
2025-11-03 01:17:00,put,1.148115,win
2025-11-03 01:18:00,put,1.147995,loss
2025-11-03 01:19:00,put,1.148135,win
2025-11-03 01:20:00,put,1.148095,loss
2025-11-03 01:21:00,put,1.148315,win
2025-11-03 01:22:00,put,1.147935,win
2025-11-03 01:23:00,put,1.147885,win
2025-11-03 01:24:00,put,1.147765,win
2025-11-03 01:25:00,put,1.147705,loss
2025-11-03 01:26:00,put,1.147795,win
2025-11-03 01:27:00,put,1.147785,win
2025-11-03 01:28:00,put,1.147585,win
2025-11-03 01:29:00,put,1.147355,win
2025-11-03 01:30:00,put,1.147045,win
2025-11-03 01:31:00,put,1.146965,win
2025-11-03 01:32:00,put,1.146935,loss
2025-11-03 01:33:00,put,1.147095,loss
2025-11-03 01:34:00,put,1.147155,win
2025-11-03 01:35:00,put,1.146845,draw
2025-11-03 01:36:00,put,1.146845,loss
2025-11-03 01:37:00,put,1.147235,loss
2025-11-03 01:38:00,put,1.147345,loss
2025-11-03 01:39:00,put,1.147355,loss
2025-11-03 01:40:00,put,1.147495,loss
2025-11-03 01:41:00,put,1.147785,loss
2025-11-03 01:42:00,put,1.147855,win
2025-11-03 01:43:00,put,1.147605,win
2025-11-03 01:44:00,put,1.147495,win
2025-11-03 01:45:00,put,1.147425,win
2025-11-03 01:46:00,put,1.147295,win
2025-11-03 01:47:00,put,1.147215,win
2025-11-03 01:48:00,put,1.147125,loss
2025-11-03 01:49:00,put,1.147255,loss
2025-11-03 01:50:00,put,1.147525,loss
2025-11-03 01:51:00,put,1.147565,win
2025-11-03 01:52:00,put,1.147425,win
2025-11-03 01:53:00,put,1.147255,loss
2025-11-03 01:54:00,put,1.147405,win
2025-11-03 01:55:00,put,1.147235,loss
2025-11-03 01:56:00,put,1.147315,win
2025-11-03 01:57:00,put,1.146955,win
2025-11-03 01:58:00,put,1.146755,win
2025-11-03 01:59:00,put,1.146625,loss
2025-11-03 02:00:00,put,1.146795,win
2025-11-03 02:01:00,put,1.146775,loss
2025-11-03 02:02:00,put,1.146835,win
2025-11-03 02:03:00,put,1.146785,loss
2025-11-03 02:04:00,put,1.147065,loss
2025-11-03 02:05:00,put,1.147095,win
2025-11-03 02:06:00,put,1.146895,win
2025-11-03 02:07:00,put,1.146735,win
2025-11-03 02:08:00,put,1.146555,win
2025-11-03 02:09:00,put,1.146495,win
2025-11-03 02:10:00,put,1.146455,win
2025-11-03 02:11:00,put,1.146245,loss
2025-11-03 02:12:00,put,1.146255,win
2025-11-03 02:13:00,put,1.146225,win
2025-11-03 02:14:00,put,1.146165,loss
2025-11-03 02:15:00,put,1.146475,loss
2025-11-03 02:16:00,put,1.146615,win
2025-11-03 02:17:00,put,1.146395,win
2025-11-03 02:18:00,put,1.146225,win
2025-11-03 02:19:00,put,1.146205,loss
2025-11-03 02:20:00,put,1.146355,loss
2025-11-03 02:21:00,put,1.146565,loss
2025-11-03 02:22:00,put,1.146575,loss
2025-11-03 02:23:00,put,1.146655,loss
2025-11-03 02:24:00,put,1.146665,win
2025-11-03 02:25:00,put,1.146505,loss
2025-11-03 02:26:00,put,1.146725,loss
2025-11-03 02:27:00,put,1.146895,win
2025-11-03 02:28:00,put,1.146785,loss
2025-11-03 02:29:00,call,1.147005,loss
2025-11-03 02:30:00,call,1.146825,loss
2025-11-03 02:31:00,call,1.146795,loss
2025-11-03 02:32:00,call,1.146695,loss
2025-11-03 02:33:00,call,1.146515,win
2025-11-03 02:34:00,put,1.146645,win
2025-11-03 02:35:00,put,1.146445,loss
2025-11-03 02:36:00,put,1.146515,loss
2025-11-03 02:37:00,put,1.146585,win
2025-11-03 02:38:00,put,1.146425,win
2025-11-03 02:39:00,put,1.146415,win
2025-11-03 02:40:00,put,1.146385,win
2025-11-03 02:41:00,put,1.146175,win
2025-11-03 02:42:00,put,1.146145,win
2025-11-03 02:43:00,put,1.145895,loss
2025-11-03 02:44:00,put,1.145955,loss
2025-11-03 02:45:00,put,1.145965,loss
2025-11-03 02:46:00,put,1.146015,loss
2025-11-03 02:47:00,put,1.146505,win
2025-11-03 02:48:00,put,1.146395,loss
2025-11-03 02:49:00,put,1.146475,loss
2025-11-03 02:50:00,put,1.146585,win
2025-11-03 02:51:00,put,1.146425,win
2025-11-03 02:52:00,put,1.146405,loss
2025-11-03 02:53:00,put,1.146425,win
2025-11-03 02:54:00,put,1.146375,win
2025-11-03 02:55:00,put,1.146255,loss
2025-11-03 02:56:00,put,1.146335,loss
2025-11-03 02:57:00,put,1.146475,loss
2025-11-03 02:58:00,call,1.146555,loss
2025-11-03 02:59:00,call,1.146505,loss
2025-11-03 03:00:00,call,1.146425,win
2025-11-03 03:05:00,call,1.147005,win
2025-11-03 03:06:00,call,1.147465,win
2025-11-03 03:07:00,call,1.147705,loss
2025-11-03 03:08:00,call,1.147585,win
2025-11-03 03:09:00,call,1.147615,win
2025-11-03 03:10:00,call,1.148045,win
2025-11-03 03:11:00,call,1.148205,loss
2025-11-03 03:12:00,call,1.147985,loss
2025-11-03 03:13:00,call,1.147935,win
2025-11-03 03:14:00,call,1.147955,win
2025-11-03 03:15:00,call,1.148025,win
2025-11-03 03:16:00,call,1.148435,loss
2025-11-03 03:17:00,call,1.148315,win
2025-11-03 03:18:00,call,1.148395,loss
2025-11-03 03:19:00,call,1.148385,win
2025-11-03 03:20:00,call,1.148575,loss
2025-11-03 03:21:00,call,1.148525,win
2025-11-03 03:22:00,call,1.148715,loss
2025-11-03 03:23:00,call,1.148525,win
2025-11-03 03:24:00,call,1.148695,loss
2025-11-03 03:25:00,call,1.148585,win
2025-11-03 03:26:00,call,1.148665,win
2025-11-03 03:27:00,call,1.148795,win
2025-11-03 03:28:00,call,1.148945,loss
2025-11-03 03:29:00,call,1.148885,loss
2025-11-03 03:30:00,call,1.148825,win
2025-11-03 03:31:00,call,1.149005,loss
2025-11-03 03:32:00,call,1.148835,win
2025-11-03 03:33:00,call,1.148995,loss
2025-11-03 03:34:00,call,1.148915,loss
2025-11-03 03:35:00,call,1.148835,win
2025-11-03 03:36:00,call,1.148845,loss
2025-11-03 03:37:00,call,1.148685,win
2025-11-03 03:38:00,call,1.149135,win
2025-11-03 03:39:00,call,1.149185,win
2025-11-03 03:40:00,call,1.149225,win
2025-11-03 03:41:00,call,1.149365,win
2025-11-03 03:42:00,call,1.149485,loss
2025-11-03 03:43:00,call,1.149455,loss
2025-11-03 03:44:00,call,1.149375,win
2025-11-03 03:45:00,call,1.149495,loss
2025-11-03 03:46:00,call,1.149345,win
2025-11-03 03:47:00,call,1.149365,win
2025-11-03 03:48:00,call,1.149555,win
2025-11-03 03:49:00,call,1.149935,win
2025-11-03 03:50:00,call,1.149995,loss
2025-11-03 03:51:00,call,1.149945,win
2025-11-03 03:52:00,call,1.150155,loss
2025-11-03 03:53:00,call,1.149985,win
2025-11-03 03:54:00,call,1.150195,win
2025-11-03 03:55:00,call,1.150225,win
2025-11-03 03:56:00,call,1.150265,win
2025-11-03 03:57:00,call,1.150485,win
2025-11-03 03:58:00,call,1.150545,loss
2025-11-03 03:59:00,call,1.150435,loss
2025-11-03 04:00:00,call,1.150395,win
2025-11-03 04:01:00,call,1.150565,win
2025-11-03 04:02:00,call,1.150665,loss
2025-11-03 04:03:00,call,1.150295,loss
2025-11-03 04:04:00,call,1.150025,loss
2025-11-03 04:05:00,call,1.149645,loss
2025-11-03 04:06:00,call,1.149585,loss
2025-11-03 04:07:00,call,1.149425,loss
2025-11-03 04:08:00,call,1.149375,loss
2025-11-03 04:09:00,put,1.149255,loss
2025-11-03 04:10:00,put,1.149575,win
2025-11-03 04:11:00,put,1.149365,loss
2025-11-03 04:12:00,put,1.149645,win
2025-11-03 04:13:00,put,1.149565,win
2025-11-03 04:14:00,put,1.149445,loss
2025-11-03 04:15:00,put,1.149595,loss
2025-11-03 04:16:00,put,1.149635,win
2025-11-03 04:17:00,put,1.149615,win
2025-11-03 04:18:00,put,1.149545,loss
2025-11-03 04:19:00,call,1.149675,loss
2025-11-03 04:20:00,call,1.149615,win
2025-11-03 04:21:00,call,1.149725,win
2025-11-03 04:22:00,call,1.150005,loss
2025-11-03 04:23:00,call,1.149925,loss
2025-11-03 04:24:00,call,1.149805,loss
2025-11-03 04:25:00,call,1.149785,draw
2025-11-03 04:26:00,call,1.149785,win
2025-11-03 04:27:00,call,1.149905,loss
2025-11-03 04:28:00,call,1.149695,win
2025-11-03 04:29:00,call,1.149835,win
2025-11-03 04:30:00,call,1.149955,loss
2025-11-03 04:31:00,call,1.149785,loss
2025-11-03 04:32:00,call,1.149755,win
2025-11-03 04:33:00,call,1.149885,loss
2025-11-03 04:34:00,call,1.149835,loss
2025-11-03 04:35:00,call,1.149795,loss
2025-11-03 04:36:00,put,1.149585,loss
2025-11-03 04:37:00,put,1.149655,win
2025-11-03 04:38:00,put,1.149585,loss
2025-11-03 04:39:00,put,1.149755,loss
2025-11-03 04:40:00,put,1.149865,loss
2025-11-03 04:41:00,call,1.149945,loss
2025-11-03 04:42:00,call,1.149855,loss
2025-11-03 04:43:00,call,1.149745,loss
2025-11-03 04:44:00,put,1.149605,win
2025-11-03 04:45:00,put,1.149185,loss
2025-11-03 04:46:00,put,1.149285,win
2025-11-03 04:47:00,put,1.148995,win
2025-11-03 04:48:00,put,1.148865,loss
2025-11-03 04:49:00,put,1.149005,win
2025-11-03 04:50:00,put,1.148805,loss
2025-11-03 04:51:00,put,1.149075,loss
2025-11-03 04:52:00,put,1.149605,win
2025-11-03 04:53:00,put,1.149565,loss
2025-11-03 04:54:00,call,1.149855,loss
2025-11-03 04:55:00,call,1.149835,loss
2025-11-03 04:56:00,put,1.149525,win
2025-11-03 04:57:00,put,1.149445,win
2025-11-03 04:58:00,put,1.148895,loss
2025-11-03 04:59:00,put,1.148955,loss
2025-11-03 05:00:00,put,1.149065,win
2025-11-03 05:01:00,put,1.148995,win
2025-11-03 05:02:00,put,1.148915,win
2025-11-03 05:03:00,put,1.148805,win
2025-11-03 05:04:00,put,1.148755,win
2025-11-03 05:05:00,put,1.148705,loss
2025-11-03 05:06:00,put,1.148955,win
2025-11-03 05:07:00,put,1.148845,win
2025-11-03 05:08:00,put,1.148695,loss
2025-11-03 05:09:00,put,1.149095,loss
2025-11-03 05:10:00,put,1.149255,win
2025-11-03 05:11:00,put,1.149245,win
2025-11-03 05:12:00,put,1.149165,win
2025-11-03 05:13:00,put,1.148965,loss
2025-11-03 05:14:00,put,1.149185,loss
2025-11-03 05:15:00,call,1.149265,win
2025-11-03 05:16:00,call,1.149505,loss
2025-11-03 05:17:00,call,1.149405,loss
2025-11-03 05:18:00,call,1.149145,loss
2025-11-03 05:19:00,call,1.149135,win
2025-11-03 05:20:00,call,1.149255,loss
2025-11-03 05:21:00,call,1.149235,loss
2025-11-03 05:22:00,put,1.148935,win
2025-11-03 05:23:00,put,1.148855,loss
2025-11-03 05:24:00,put,1.149065,win
2025-11-03 05:25:00,put,1.149035,win
2025-11-03 05:26:00,put,1.149005,loss
2025-11-03 05:27:00,put,1.149065,draw
2025-11-03 05:28:00,put,1.149065,loss
2025-11-03 05:29:00,put,1.149095,win
2025-11-03 05:43:00,put,1.149045,win
2025-11-03 05:44:00,put,1.148775,loss
2025-11-03 05:45:00,put,1.148965,win
2025-11-03 05:47:00,put,1.148815,loss
2025-11-03 05:48:00,put,1.148955,win
2025-11-03 05:49:00,put,1.148835,loss
2025-11-03 05:50:00,put,1.148925,loss
2025-11-03 05:51:00,call,1.149195,win
2025-11-03 05:52:00,call,1.149385,loss
2025-11-03 05:53:00,call,1.149275,win
2025-11-03 05:54:00,call,1.149495,win
2025-11-03 05:55:00,call,1.149555,loss
2025-11-03 05:56:00,call,1.149465,loss
2025-11-03 05:57:00,call,1.149445,loss
2025-11-03 05:58:00,call,1.149135,win
2025-11-03 05:59:00,call,1.149345,win
2025-11-03 06:00:00,call,1.149485,loss
2025-11-03 06:01:00,call,1.149275,win
2025-11-03 06:02:00,call,1.149345,win
2025-11-03 06:03:00,call,1.149365,loss
2025-11-03 06:04:00,call,1.149285,win
2025-11-03 06:05:00,call,1.149535,loss
2025-11-03 06:06:00,call,1.149365,loss
2025-11-03 06:07:00,call,1.149345,loss
2025-11-03 06:08:00,put,1.149085,loss
2025-11-03 06:09:00,put,1.149155,win
2025-11-03 06:10:00,put,1.149025,loss
2025-11-03 06:11:00,put,1.149035,loss
2025-11-03 06:12:00,put,1.149085,loss
2025-11-03 06:13:00,put,1.149315,win
2025-11-03 06:14:00,put,1.149145,loss
2025-11-03 06:15:00,put,1.149265,win
2025-11-03 06:16:00,put,1.149025,win
2025-11-03 06:17:00,put,1.148945,win
2025-11-03 06:18:00,put,1.148835,loss
2025-11-03 06:19:00,put,1.148945,loss
2025-11-03 06:20:00,put,1.149095,win
2025-11-03 06:21:00,put,1.148835,win
2025-11-03 06:22:00,put,1.148675,win
2025-11-03 06:23:00,put,1.148645,win
2025-11-03 06:24:00,put,1.148475,loss
2025-11-03 06:25:00,put,1.148585,win
2025-11-03 06:26:00,put,1.148465,win
2025-11-03 06:27:00,put,1.148375,loss
2025-11-03 06:28:00,put,1.148475,win
2025-11-03 06:29:00,put,1.148195,loss
2025-11-03 06:30:00,put,1.148235,loss
2025-11-03 06:31:00,put,1.148265,win
2025-11-03 06:32:00,put,1.148095,win
2025-11-03 06:33:00,put,1.147885,win
2025-11-03 06:34:00,put,1.147655,draw
2025-11-03 06:35:00,put,1.147655,win
2025-11-03 06:36:00,put,1.147535,loss
2025-11-03 06:37:00,put,1.147625,loss
2025-11-03 06:38:00,put,1.147715,win
2025-11-03 06:39:00,put,1.147545,loss
2025-11-03 06:40:00,put,1.147685,win
2025-11-03 06:41:00,put,1.147525,loss
2025-11-03 06:42:00,put,1.147575,win
2025-11-03 06:43:00,put,1.147445,loss
2025-11-03 06:44:00,put,1.147495,draw
2025-11-03 06:45:00,put,1.147495,win
2025-11-03 06:46:00,put,1.147285,loss
2025-11-03 06:47:00,put,1.147565,win
2025-11-03 06:48:00,put,1.147545,loss
2025-11-03 06:49:00,put,1.147605,win
2025-11-03 06:50:00,put,1.147255,win
2025-11-03 06:51:00,put,1.147235,win
2025-11-03 06:52:00,put,1.147185,win
2025-11-03 06:53:00,put,1.146985,loss
2025-11-03 06:54:00,put,1.147035,win
2025-11-03 06:55:00,put,1.146895,loss
2025-11-03 06:56:00,put,1.147055,win
2025-11-03 06:57:00,put,1.147035,loss
2025-11-03 06:58:00,put,1.147115,win
2025-11-03 06:59:00,put,1.146795,win
2025-11-03 07:00:00,put,1.146705,loss
2025-11-03 07:01:00,put,1.146775,loss
2025-11-03 07:02:00,put,1.146925,win
2025-11-03 07:03:00,put,1.146655,loss
2025-11-03 07:04:00,put,1.146705,win
2025-11-03 07:05:00,put,1.146655,loss
2025-11-03 07:06:00,put,1.147015,win
2025-11-03 07:07:00,put,1.146745,loss
2025-11-03 07:08:00,put,1.146905,loss
2025-11-03 07:09:00,put,1.147095,loss
2025-11-03 07:10:00,put,1.147205,win
2025-11-03 07:11:00,put,1.146965,win
2025-11-03 07:12:00,put,1.146795,win
2025-11-03 07:13:00,put,1.146625,loss
2025-11-03 07:14:00,put,1.146835,loss
2025-11-03 07:15:00,put,1.146935,loss
2025-11-03 07:16:00,put,1.147195,loss
2025-11-03 07:17:00,put,1.147235,loss
2025-11-03 07:18:00,call,1.147485,win
2025-11-03 07:19:00,call,1.147555,loss
2025-11-03 07:20:00,call,1.147535,loss
2025-11-03 07:21:00,call,1.147205,win
2025-11-03 07:22:00,call,1.147305,loss
2025-11-03 07:23:00,call,1.147235,loss
2025-11-03 07:24:00,call,1.147015,loss
2025-11-03 07:25:00,put,1.146925,win
2025-11-03 07:26:00,put,1.146865,win
2025-11-03 07:27:00,put,1.146825,win
2025-11-03 07:28:00,put,1.146755,loss
2025-11-03 07:29:00,put,1.146835,win
2025-11-03 07:30:00,put,1.146655,win
2025-11-03 07:31:00,put,1.146495,win
2025-11-03 07:32:00,put,1.146415,win
2025-11-03 07:33:00,put,1.146305,win
2025-11-03 07:35:00,put,1.146035,win
2025-11-03 07:40:00,put,1.145505,win
2025-11-03 07:41:00,put,1.145285,win
2025-11-03 07:42:00,put,1.145255,win
2025-11-03 07:43:00,put,1.145035,loss
2025-11-03 07:44:00,put,1.145085,draw
2025-11-03 07:45:00,put,1.145085,win
2025-11-03 07:46:00,put,1.145005,loss
2025-11-03 07:47:00,put,1.145125,loss
2025-11-03 07:48:00,put,1.145285,loss
2025-11-03 07:49:00,put,1.145295,loss
2025-11-03 07:50:00,put,1.145465,loss
2025-11-03 07:51:00,put,1.145705,loss
2025-11-03 07:52:00,put,1.145805,loss
2025-11-03 07:53:00,put,1.145895,win
2025-11-03 07:54:00,put,1.145725,loss
2025-11-03 07:55:00,put,1.145785,win
2025-11-03 07:56:00,put,1.145605,loss
2025-11-03 07:57:00,put,1.145725,loss
2025-11-03 07:58:00,put,1.145975,loss
2025-11-03 07:59:00,put,1.146135,loss
2025-11-03 08:00:00,call,1.146505,loss
2025-11-03 08:01:00,call,1.146415,win
2025-11-03 08:02:00,call,1.146485,win
2025-11-03 08:03:00,call,1.146495,win
2025-11-03 08:04:00,call,1.146565,win
2025-11-03 08:10:00,call,1.153165,win
2025-11-03 08:11:00,call,1.153345,loss
2025-11-03 08:12:00,call,1.153125,win
2025-11-03 08:13:00,call,1.153185,loss
2025-11-03 08:14:00,call,1.153115,loss
2025-11-03 08:15:00,call,1.153085,win
2025-11-03 08:16:00,call,1.153365,loss
2025-11-03 08:17:00,call,1.153195,win
2025-11-03 08:18:00,call,1.153265,win
2025-11-03 08:19:00,call,1.153465,win
2025-11-03 08:20:00,call,1.153505,win
2025-11-03 08:21:00,call,1.153695,loss
2025-11-03 08:22:00,call,1.153605,loss
2025-11-03 08:23:00,call,1.153425,win
2025-11-03 09:04:00,call,1.154145,win
2025-11-03 09:05:00,call,1.154215,loss
2025-11-03 09:06:00,call,1.154205,win
2025-11-03 09:07:00,call,1.154515,draw
2025-11-03 09:08:00,call,1.154515,win
2025-11-03 09:09:00,call,1.154735,win
2025-11-03 09:10:00,call,1.155125,win
2025-11-03 09:11:00,call,1.155275,win
2025-11-03 09:12:00,call,1.155455,win
2025-11-03 09:13:00,call,1.155495,loss
2025-11-03 09:14:00,call,1.155465,win
2025-11-03 09:15:00,call,1.155565,win
2025-11-03 09:16:00,call,1.155835,loss
2025-11-03 09:17:00,call,1.155785,loss
2025-11-03 09:18:00,call,1.155695,loss
2025-11-03 09:19:00,call,1.155615,win
2025-11-03 09:20:00,call,1.155735,win
2025-11-03 09:21:00,call,1.155825,loss
2025-11-03 09:22:00,call,1.155615,loss
2025-11-03 09:23:00,call,1.155455,loss
2025-11-03 09:24:00,call,1.155405,win
2025-11-03 09:25:00,call,1.155755,loss
2025-11-03 09:26:00,call,1.155635,loss
2025-11-03 09:27:00,call,1.155625,loss
2025-11-03 09:28:00,call,1.155525,win
2025-11-03 09:29:00,call,1.155665,win
2025-11-03 09:30:00,call,1.155915,win
2025-11-03 09:31:00,call,1.156005,loss
2025-11-03 09:32:00,call,1.155925,loss
2025-11-03 09:33:00,call,1.155695,win
2025-11-03 09:34:00,call,1.155735,win
2025-11-03 09:35:00,call,1.155945,win
2025-11-03 09:36:00,call,1.156075,win
2025-11-03 09:37:00,call,1.156125,loss
2025-11-03 09:38:00,call,1.156115,win
2025-11-03 09:39:00,call,1.156285,win
2025-11-03 09:40:00,call,1.156645,win
2025-11-03 09:41:00,call,1.156695,loss
2025-11-03 09:42:00,call,1.156435,loss
2025-11-03 09:43:00,call,1.156365,win
2025-11-03 09:44:00,call,1.156515,win
2025-11-03 09:45:00,call,1.156585,win
2025-11-03 09:46:00,call,1.156695,loss
2025-11-03 09:47:00,call,1.156445,win
2025-11-03 09:48:00,call,1.156455,loss
2025-11-03 09:49:00,call,1.156275,loss
2025-11-03 09:50:00,call,1.156245,loss
2025-11-03 09:51:00,call,1.156195,loss
2025-11-03 09:52:00,call,1.156085,loss
2025-11-03 09:53:00,call,1.156005,loss
2025-11-03 09:54:00,call,1.155615,win
2025-11-03 09:55:00,call,1.155745,win
2025-11-03 09:56:00,put,1.155985,loss
2025-11-03 09:57:00,put,1.156105,loss
2025-11-03 09:58:00,call,1.156435,loss
2025-11-03 09:59:00,call,1.156145,loss
2025-11-03 10:00:00,call,1.156005,loss
2025-11-03 10:01:00,call,1.155815,loss
2025-11-03 10:02:00,put,1.155705,loss
2025-11-03 10:03:00,put,1.155835,loss
2025-11-03 10:04:00,put,1.155915,loss
2025-11-03 10:05:00,put,1.156135,win
2025-11-03 10:06:00,put,1.156085,loss
2025-11-03 10:07:00,call,1.156175,loss
2025-11-03 10:08:00,call,1.156125,win
2025-11-03 10:09:00,call,1.156215,loss
2025-11-03 10:10:00,call,1.156125,win
2025-11-03 10:11:00,call,1.156185,loss
2025-11-03 10:12:00,call,1.155885,loss
2025-11-03 10:13:00,put,1.155845,win
2025-11-03 10:14:00,put,1.155735,win
2025-11-03 10:15:00,put,1.155625,win
2025-11-03 10:16:00,put,1.155345,win
2025-11-03 10:17:00,put,1.155275,win
2025-11-03 10:18:00,put,1.155205,win
2025-11-03 10:19:00,put,1.155135,win
2025-11-03 10:20:00,put,1.155085,win
2025-11-03 10:24:00,put,1.154745,loss
2025-11-03 10:25:00,put,1.154995,loss
2025-11-03 10:26:00,put,1.155105,loss
2025-11-03 10:27:00,put,1.155315,win
2025-11-03 10:28:00,put,1.155255,loss
2025-11-03 10:29:00,call,1.155595,loss
2025-11-03 10:30:00,call,1.155585,win
2025-11-03 10:31:00,call,1.155605,loss
2025-11-03 10:32:00,call,1.155565,loss
2025-11-03 10:33:00,put,1.155425,win
2025-11-03 10:34:00,put,1.155315,win
2025-11-03 10:35:00,put,1.155295,draw
2025-11-03 10:36:00,put,1.155295,loss
2025-11-03 10:37:00,put,1.155305,loss
2025-11-03 10:38:00,put,1.155415,win
2025-11-03 10:39:00,put,1.155155,loss
2025-11-03 10:40:00,put,1.155505,win
2025-11-03 10:41:00,put,1.155155,win
2025-11-03 10:42:00,put,1.155125,win
2025-11-03 10:43:00,put,1.154975,win
2025-11-03 10:44:00,put,1.154925,win
2025-11-03 10:45:00,put,1.154795,win
2025-11-03 10:46:00,put,1.154785,loss
2025-11-03 10:47:00,put,1.154885,win
2025-11-03 10:48:00,put,1.154765,loss
2025-11-03 10:49:00,put,1.154865,win
2025-11-03 10:50:00,put,1.154435,loss
2025-11-03 10:51:00,put,1.154525,win
2025-11-03 10:52:00,put,1.154325,win
2025-11-03 10:53:00,put,1.154225,win
2025-11-03 10:54:00,put,1.153895,loss
2025-11-03 10:55:00,put,1.154025,win
2025-11-03 10:56:00,put,1.153975,loss
2025-11-03 10:57:00,put,1.154175,win
2025-11-03 10:58:00,put,1.154125,win
2025-11-03 10:59:00,put,1.154085,win
2025-11-03 11:00:00,put,1.153695,loss
2025-11-03 11:01:00,put,1.153815,win
2025-11-03 11:02:00,put,1.153705,win
2025-11-03 11:03:00,put,1.153675,win
2025-11-03 11:04:00,put,1.153545,loss
2025-11-03 11:05:00,put,1.153675,loss
2025-11-03 11:06:00,put,1.154075,win
2025-11-03 11:07:00,put,1.153975,loss
2025-11-03 11:08:00,put,1.154075,loss
2025-11-03 11:09:00,put,1.154195,win
2025-11-03 11:10:00,put,1.154005,win
2025-11-03 11:11:00,put,1.153735,win
2025-11-03 11:12:00,put,1.153545,win
2025-11-03 11:13:00,put,1.153325,loss
2025-11-03 11:14:00,put,1.153415,win
2025-11-03 11:15:00,put,1.153255,win
2025-11-03 11:16:00,put,1.153055,loss
2025-11-03 11:17:00,put,1.153125,loss
2025-11-03 11:18:00,put,1.153285,loss
2025-11-03 11:19:00,put,1.153555,win
2025-11-03 11:20:00,put,1.153485,loss
2025-11-03 11:21:00,put,1.153675,win
2025-11-03 11:22:00,put,1.153645,win
2025-11-03 11:23:00,put,1.153615,win
2025-11-03 11:24:00,put,1.153575,win
2025-11-03 11:25:00,put,1.153435,win
2025-11-03 11:26:00,put,1.153385,draw
2025-11-03 11:27:00,put,1.153385,loss
2025-11-03 11:28:00,put,1.153405,loss
2025-11-03 11:29:00,put,1.153545,draw
2025-11-03 11:31:00,put,1.153225,win
2025-11-03 11:32:00,put,1.152975,win
2025-11-03 11:33:00,put,1.152755,loss
2025-11-03 11:34:00,put,1.152935,win
2025-11-03 11:35:00,put,1.152765,loss
2025-11-03 11:36:00,put,1.152805,loss
2025-11-03 11:37:00,put,1.152925,win
2025-11-03 11:38:00,put,1.152775,win
2025-11-03 11:39:00,put,1.152725,loss
2025-11-03 11:40:00,put,1.152835,loss
2025-11-03 11:41:00,put,1.152845,win
2025-11-03 11:42:00,put,1.152685,loss
2025-11-03 11:43:00,put,1.152775,win
2025-11-03 11:44:00,put,1.152735,win
2025-11-03 11:45:00,put,1.152715,win
2025-11-03 11:46:00,put,1.152475,loss
2025-11-03 11:47:00,put,1.152565,win
2025-11-03 11:48:00,put,1.152365,win
2025-11-03 11:49:00,put,1.152155,win
2025-11-03 11:50:00,put,1.151975,win
2025-11-03 11:51:00,put,1.151945,loss
2025-11-03 11:52:00,put,1.151995,win
2025-11-03 11:53:00,put,1.151985,win
2025-11-03 11:54:00,put,1.151715,win
2025-11-03 11:55:00,put,1.151605,loss
2025-11-03 11:56:00,put,1.151685,win
2025-11-03 11:57:00,put,1.151655,loss
2025-11-03 11:58:00,put,1.151825,win
2025-11-03 11:59:00,put,1.151585,loss
2025-11-03 12:00:00,put,1.151725,win
2025-11-03 12:01:00,put,1.151675,loss
2025-11-03 12:02:00,put,1.151695,win
2025-11-03 12:03:00,put,1.151505,win
2025-11-03 12:04:00,put,1.151465,win
2025-11-03 12:05:00,put,1.151365,loss
2025-11-03 12:06:00,put,1.151445,loss
2025-11-03 12:07:00,put,1.151475,loss
2025-11-03 12:08:00,put,1.151725,loss
2025-11-03 12:09:00,put,1.151945,loss
2025-11-03 12:10:00,put,1.152175,loss
2025-11-03 12:11:00,put,1.152345,loss
2025-11-03 12:12:00,call,1.152515,loss
2025-11-03 12:13:00,call,1.152475,loss
2025-11-03 12:14:00,call,1.152265,loss
2025-11-03 12:15:00,call,1.151865,loss
2025-11-03 12:16:00,put,1.151635,loss
2025-11-03 12:17:00,put,1.151875,loss
2025-11-03 12:18:00,put,1.151905,win
2025-11-03 12:19:00,put,1.151695,win
2025-11-03 12:20:00,put,1.151585,loss
2025-11-03 12:21:00,put,1.151765,win
2025-11-03 12:22:00,put,1.151755,win
2025-11-03 12:23:00,put,1.151525,loss
2025-11-03 12:24:00,put,1.151605,win
2025-11-03 12:25:00,put,1.151425,win
2025-11-03 12:26:00,put,1.151345,win
2025-11-03 12:27:00,put,1.151255,loss
2025-11-03 12:28:00,put,1.151495,win
2025-11-03 12:29:00,put,1.151455,loss
2025-11-03 12:30:00,put,1.151685,win
2025-11-03 12:31:00,put,1.151635,win
2025-11-03 12:32:00,put,1.151355,loss
2025-11-03 12:33:00,put,1.151385,loss
2025-11-03 12:34:00,put,1.151415,loss
2025-11-03 12:35:00,put,1.151435,win
2025-11-03 12:36:00,put,1.151355,win
2025-11-03 12:37:00,put,1.151275,loss
2025-11-03 12:38:00,put,1.151485,loss
2025-11-03 12:39:00,put,1.151535,loss
2025-11-03 12:40:00,put,1.151625,loss
2025-11-03 12:41:00,call,1.151885,loss
2025-11-03 12:42:00,put,1.151765,win
2025-11-03 12:43:00,put,1.151545,loss
2025-11-03 12:44:00,put,1.151595,loss
2025-11-03 12:45:00,put,1.151605,loss
2025-11-03 12:46:00,call,1.151725,loss
2025-11-03 12:47:00,call,1.151595,loss
2025-11-03 12:48:00,put,1.151445,win
2025-11-03 12:49:00,put,1.151435,win
2025-11-03 12:50:00,put,1.151215,win
2025-11-03 12:51:00,put,1.151095,win
2025-11-03 12:52:00,put,1.151065,loss
2025-11-03 12:53:00,put,1.151545,win
2025-11-03 12:54:00,put,1.151365,win
2025-11-03 12:55:00,put,1.151045,loss
2025-11-03 12:56:00,put,1.151065,loss
2025-11-03 12:57:00,put,1.151275,draw
2025-11-03 12:58:00,put,1.151275,loss
2025-11-03 12:59:00,put,1.151325,loss
2025-11-03 13:00:00,put,1.151345,loss
2025-11-03 13:01:00,call,1.151655,loss
2025-11-03 13:02:00,put,1.151315,loss
2025-11-03 13:03:00,put,1.151335,loss
2025-11-03 13:04:00,put,1.151445,loss
2025-11-03 13:05:00,put,1.151525,win
2025-11-03 13:06:00,put,1.151375,loss
2025-11-03 13:07:00,call,1.151615,win
2025-11-03 13:08:00,call,1.151645,loss
2025-11-03 13:09:00,call,1.151455,win
2025-11-03 13:10:00,call,1.151535,loss
2025-11-03 13:11:00,call,1.151245,win
2025-11-03 13:12:00,call,1.151485,win
2025-11-03 13:13:00,call,1.151545,loss
2025-11-03 13:14:00,put,1.151205,loss
2025-11-03 13:15:00,put,1.151255,loss
2025-11-03 13:16:00,put,1.151415,draw
2025-11-03 13:17:00,put,1.151415,win
2025-11-03 13:18:00,put,1.151065,win
2025-11-03 13:19:00,put,1.150775,loss
2025-11-03 13:20:00,put,1.150855,win
2025-11-03 13:21:00,put,1.150835,win
2025-11-03 13:22:00,put,1.150655,loss
2025-11-03 13:23:00,put,1.150875,loss
2025-11-03 13:24:00,put,1.150915,loss
2025-11-03 13:25:00,put,1.151195,win
2025-11-03 13:26:00,put,1.151105,win
2025-11-03 13:27:00,put,1.151095,loss
2025-11-03 13:28:00,put,1.151115,loss
2025-11-03 13:29:00,call,1.151365,loss
2025-11-03 13:30:00,put,1.151255,loss
2025-11-03 13:31:00,call,1.151365,loss
2025-11-03 13:32:00,put,1.151225,win
2025-11-03 13:33:00,put,1.151055,loss
2025-11-03 13:34:00,put,1.151235,win
2025-11-03 13:35:00,put,1.151165,loss
2025-11-03 13:36:00,call,1.151335,loss
2025-11-03 13:37:00,call,1.151175,win
2025-11-03 13:38:00,call,1.151375,win
2025-11-03 13:39:00,call,1.151435,loss
2025-11-03 13:40:00,call,1.151205,win
2025-11-03 13:41:00,call,1.151365,loss
2025-11-03 13:42:00,call,1.151185,loss
2025-11-03 13:43:00,put,1.151025,loss
2025-11-03 13:44:00,put,1.151215,loss
2025-11-03 13:45:00,call,1.151295,win
2025-11-03 13:46:00,call,1.151365,loss
2025-11-03 13:47:00,put,1.151235,loss
2025-11-03 13:48:00,call,1.151345,loss
2025-11-03 13:49:00,call,1.151095,loss
2025-11-03 13:50:00,put,1.151005,win
2025-11-03 13:51:00,put,1.150945,loss
2025-11-03 13:52:00,put,1.151015,win
2025-11-03 13:53:00,put,1.150855,loss
2025-11-03 13:54:00,put,1.151045,win
2025-11-03 13:55:00,put,1.150845,loss
2025-11-03 13:57:00,put,1.150805,loss
2025-11-03 13:58:00,put,1.150965,win
2025-11-03 13:59:00,put,1.150765,win
2025-11-03 14:00:00,put,1.150565,loss
2025-11-03 14:01:00,put,1.150715,win
2025-11-03 14:02:00,put,1.150655,win
2025-11-03 14:03:00,put,1.150325,loss
2025-11-03 14:04:00,put,1.150385,win
2025-11-03 14:05:00,put,1.150355,loss
2025-11-03 14:06:00,put,1.150465,win
2025-11-03 14:07:00,put,1.150325,loss
2025-11-03 14:08:00,put,1.150405,win
2025-11-03 14:09:00,put,1.150315,win
2025-11-03 14:10:00,put,1.150215,loss
2025-11-03 14:11:00,put,1.150475,win
2025-11-03 14:12:00,put,1.150355,loss
2025-11-03 14:13:00,put,1.150625,win
2025-11-03 14:14:00,put,1.150555,win
2025-11-03 14:15:00,put,1.150435,win
2025-11-03 14:16:00,put,1.150175,loss
2025-11-03 14:17:00,put,1.150255,loss
2025-11-03 14:18:00,put,1.150475,loss
2025-11-03 14:19:00,put,1.150495,draw
2025-11-03 14:20:00,put,1.150495,loss
2025-11-03 14:21:00,put,1.150705,win
2025-11-03 14:22:00,put,1.150605,loss
2025-11-03 14:23:00,put,1.150645,loss
2025-11-03 14:24:00,call,1.150905,win
2025-11-03 14:25:00,call,1.151285,loss
2025-11-03 14:26:00,call,1.151155,win
2025-11-03 14:27:00,call,1.151355,win
2025-11-03 14:28:00,call,1.151595,win
2025-11-03 14:29:00,call,1.151645,win
2025-11-03 14:30:00,call,1.151715,loss
2025-11-03 14:31:00,call,1.151655,loss
2025-11-03 14:32:00,call,1.151505,loss
2025-11-03 14:33:00,call,1.151475,win
2025-11-03 14:34:00,call,1.151595,win
2025-11-03 14:35:00,call,1.151705,win
2025-11-03 14:36:00,call,1.151855,loss
2025-11-03 14:37:00,call,1.151665,win
2025-11-03 14:38:00,call,1.151945,win
2025-11-03 14:39:00,call,1.151995,win
2025-11-03 14:40:00,call,1.152045,loss
2025-11-03 14:41:00,call,1.151995,win
2025-11-03 14:42:00,call,1.152095,loss
2025-11-03 14:43:00,call,1.151965,win
2025-11-03 14:44:00,call,1.152035,loss
2025-11-03 14:45:00,call,1.152005,loss
2025-11-03 14:46:00,call,1.151735,loss
2025-11-03 14:47:00,call,1.151535,loss
2025-11-03 14:48:00,call,1.151525,loss
2025-11-03 14:49:00,call,1.151445,win
2025-11-03 14:50:00,call,1.151565,loss
2025-11-03 14:51:00,call,1.151475,win
2025-11-03 14:52:00,call,1.151645,win
2025-11-03 14:53:00,call,1.151655,win
2025-11-03 14:57:00,call,1.151665,loss
2025-11-03 14:58:00,call,1.151635,win
2025-11-03 14:59:00,call,1.151785,win
2025-11-03 15:00:00,call,1.151905,loss
2025-11-03 15:01:00,call,1.151825,loss
2025-11-03 15:02:00,call,1.151755,loss
2025-11-03 15:03:00,call,1.151515,loss
2025-11-03 15:04:00,put,1.151155,win
2025-11-03 15:05:00,put,1.150875,win
2025-11-03 15:06:00,put,1.150635,loss
2025-11-03 15:07:00,put,1.150645,draw
2025-11-03 15:08:00,put,1.150645,loss
2025-11-03 15:09:00,put,1.150655,loss
2025-11-03 15:10:00,put,1.150775,win
2025-11-03 15:11:00,put,1.150745,loss
2025-11-03 15:12:00,put,1.151005,loss
2025-11-03 15:13:00,put,1.151015,win
2025-11-03 15:14:00,put,1.150865,win
2025-11-03 15:15:00,put,1.150805,loss
2025-11-03 15:16:00,put,1.150925,win
2025-11-03 15:17:00,put,1.150845,win
2025-11-03 15:18:00,put,1.150755,loss
2025-11-03 15:19:00,put,1.150765,win
2025-11-03 15:20:00,put,1.150565,loss
2025-11-03 15:21:00,put,1.150765,win
2025-11-03 15:22:00,put,1.150535,win
2025-11-03 15:23:00,put,1.150445,win
2025-11-03 15:24:00,put,1.150355,win
2025-11-03 15:25:00,put,1.150005,loss
2025-11-03 15:26:00,put,1.150045,win
2025-11-03 15:27:00,put,1.149905,win
2025-11-03 15:28:00,put,1.149835,win
2025-11-03 15:29:00,put,1.149705,win
2025-11-03 15:30:00,put,1.149655,win
2025-11-03 15:31:00,put,1.149625,loss
2025-11-03 15:32:00,put,1.149725,loss
2025-11-03 15:33:00,put,1.149755,win
2025-11-03 15:34:00,put,1.149535,loss
2025-11-03 15:35:00,put,1.149545,win
2025-11-03 15:36:00,put,1.149525,loss
2025-11-03 15:37:00,put,1.149605,loss
2025-11-03 15:38:00,put,1.149795,loss
2025-11-03 15:39:00,put,1.149805,loss
2025-11-03 15:40:00,put,1.149975,win
2025-11-03 15:41:00,put,1.149935,loss
2025-11-03 15:42:00,put,1.150175,loss
2025-11-03 15:43:00,put,1.150335,loss
2025-11-03 15:44:00,call,1.150445,loss
2025-11-03 15:45:00,put,1.150195,win
2025-11-03 15:46:00,put,1.149675,win
2025-11-03 15:47:00,put,1.149495,loss
2025-11-03 15:48:00,put,1.149635,win
2025-11-03 15:49:00,put,1.149585,win
2025-11-03 15:50:00,put,1.149225,loss
2025-11-03 15:51:00,put,1.149295,loss
2025-11-03 15:52:00,put,1.149605,loss
2025-11-03 15:53:00,put,1.149655,win
2025-11-03 15:54:00,put,1.149625,win
2025-11-03 15:55:00,put,1.149415,win
2025-11-03 15:56:00,put,1.148925,loss
2025-11-03 15:57:00,put,1.149075,win
2025-11-03 15:58:00,put,1.149025,loss
2025-11-03 15:59:00,put,1.149065,loss
2025-11-03 16:00:00,put,1.149355,loss
2025-11-03 16:01:00,put,1.149375,win
2025-11-03 16:02:00,put,1.149325,win
2025-11-03 16:03:00,put,1.149245,win
2025-11-03 16:04:00,put,1.149175,win
2025-11-03 16:05:00,put,1.149115,win
2025-11-03 16:06:00,put,1.149015,win
2025-11-03 16:07:00,put,1.149005,win
2025-11-03 16:08:00,put,1.148915,win
2025-11-03 16:09:00,put,1.148875,win
2025-11-03 16:13:00,put,1.148125,loss
